{
	"info": {
		"_postman_id": "7efd10ec-2c41-42bf-a3db-2981f4cbc331",
		"name": "InternationalCricketTeam",
		"schema": "https://schema.getpostman.com/json/collection/v2.1.0/collection.json"
	},
	"item": [
		{
			"name": "saveIndianPlayerDetails",
			"request": {
				"method": "POST",
				"header": [],
				"body": {
					"mode": "raw",
					"raw": " {\r\n        \"playerID\": 1,\r\n        \"name\": \"Sachin Tendulkar\",\r\n        \"age\": 48,\r\n        \"totalRuns\": 18426,\r\n        \"country\": \"India\",\r\n        \"fifties\": 96,\r\n        \"hundreds\": 49,\r\n        \"highest\": 200,\r\n        \"wickets\": 154,\r\n        \"notouts\": 41\r\n    },\r\n    {\r\n        \"playerID\": 3,\r\n        \"name\": \"Virat\",\r\n        \"age\": 33,\r\n        \"totalRuns\": 6536,\r\n        \"country\": \"India\",\r\n        \"fifties\": 33,\r\n        \"hundreds\": 22,\r\n        \"highest\": 183,\r\n        \"wickets\": 4,\r\n        \"notouts\": 23\r\n    },\r\n    {\r\n        \"playerID\": 4,\r\n        \"name\": \"Dhoni\",\r\n        \"age\": 40,\r\n        \"totalRuns\": 8499,\r\n        \"country\": \"India\",\r\n        \"fifties\": 58,\r\n        \"hundreds\": 9,\r\n        \"highest\": 183,\r\n        \"wickets\": 1,\r\n        \"notouts\": 66\r\n    },\r\n    {\r\n        \"playerID\": 10,\r\n        \"name\": \"Rohit\",\r\n        \"age\": 34,\r\n        \"totalRuns\": 4220,\r\n        \"country\": \"India\",\r\n        \"fifties\": 25,\r\n        \"hundreds\": 7,\r\n        \"highest\": 264,\r\n        \"wickets\": 8,\r\n        \"notouts\": 22\r\n    }\r\n   ",
					"options": {
						"raw": {
							"language": "json"
						}
					}
				},
				"url": {
					"raw": "localhost:8080/team/saveIndianPlayerDetails",
					"host": [
						"localhost"
					],
					"port": "8080",
					"path": [
						"team",
						"saveIndianPlayerDetails"
					]
				}
			},
			"response": []
		},
		{
			"name": "getIndianPlayerDetails",
			"protocolProfileBehavior": {
				"disableBodyPruning": true
			},
			"request": {
				"method": "GET",
				"header": [],
				"body": {
					"mode": "raw",
					"raw": "{\r\n        \"playerID\": 5,\r\n        \"name\": \"Dhawan\",\r\n        \"age\": 36,\r\n        \"totalRuns\": 2507,\r\n        \"country\": \"India\",\r\n        \"fifties\": 12,\r\n        \"hundreds\": 8,\r\n        \"highest\": 137,\r\n        \"wickets\": 0,\r\n        \"notouts\": 3,\r\n        \"catches\": 137\r\n    }\r\n   ",
					"options": {
						"raw": {
							"language": "json"
						}
					}
				},
				"url": {
					"raw": "localhost:8080/team/getIndianPlayerDetails",
					"host": [
						"localhost"
					],
					"port": "8080",
					"path": [
						"team",
						"getIndianPlayerDetails"
					]
				}
			},
			"response": []
		},
		{
			"name": "updateIndianPlayerDetails",
			"request": {
				"method": "PUT",
				"header": [],
				"body": {
					"mode": "raw",
					"raw": " {\r\n        \"playerID\": 4,\r\n        \"name\": \"FaFa DuPlesis\",\r\n        \"age\": 37,\r\n        \"totalRuns\": 2343,\r\n        \"country\": \"SouthAfrica\",\r\n        \"fifties\": 15,\r\n        \"hundreds\": 4,\r\n        \"highest\": 126,\r\n        \"wickets\": 2,\r\n        \"notouts\": 7\r\n    }",
					"options": {
						"raw": {
							"language": "json"
						}
					}
				},
				"url": {
					"raw": "localhost:8080/team/updateTheSouthAfricanPlayername",
					"host": [
						"localhost"
					],
					"port": "8080",
					"path": [
						"team",
						"updateTheSouthAfricanPlayername"
					]
				}
			},
			"response": []
		},
		{
			"name": "deleteIndianPlayerDetails",
			"request": {
				"method": "DELETE",
				"header": [],
				"body": {
					"mode": "raw",
					"raw": "{\r\n        \"playerID\": 5,\r\n        \"name\": \"Shikar Dhawan\",\r\n        \"age\": 36,\r\n        \"totalRuns\": 2507,\r\n        \"country\": \"India\",\r\n        \"fifties\": 12,\r\n        \"hundreds\": 8,\r\n        \"highest\": 137,\r\n        \"wickets\": 0,\r\n        \"notouts\": 3,\r\n        \"catches\": 137\r\n    }\r\n   ",
					"options": {
						"raw": {
							"language": "json"
						}
					}
				},
				"url": {
					"raw": "localhost:8080/team/deleteIndianPlayerDetails",
					"host": [
						"localhost"
					],
					"port": "8080",
					"path": [
						"team",
						"deleteIndianPlayerDetails"
					]
				}
			},
			"response": []
		},
		{
			"name": "saveAustralianPlayerDetails",
			"request": {
				"method": "POST",
				"header": [],
				"body": {
					"mode": "raw",
					"raw": " {\r\n        \"playerID\": 1,\r\n        \"name\": \"Maxwell\",\r\n        \"age\": 33,\r\n        \"totalRuns\": 1367,\r\n        \"country\": \"Australia\",\r\n        \"fifties\": 11,\r\n        \"hundreds\": 1,\r\n        \"highest\": 102,\r\n        \"wickets\": 34,\r\n        \"notouts\": 6\r\n    },\r\n    {\r\n        \"playerID\": 2,\r\n        \"name\": \"Warner\",\r\n        \"age\": 35,\r\n        \"totalRuns\": 2047,\r\n        \"country\": \"Australia\",\r\n        \"fifties\": 10,\r\n        \"hundreds\": 4,\r\n        \"highest\": 178,\r\n        \"wickets\": 0,\r\n        \"notouts\": 1\r\n    },\r\n    {\r\n        \"playerID\": 3,\r\n        \"name\": \"Smith\",\r\n        \"age\": 32,\r\n        \"totalRuns\": 1549,\r\n        \"country\": \"Australia\",\r\n        \"fifties\": 7,\r\n        \"hundreds\": 4,\r\n        \"highest\": 105,\r\n        \"wickets\": 27,\r\n        \"notouts\": 7\r\n    },\r\n    {\r\n        \"playerID\": 4,\r\n        \"name\": \"Watson\",\r\n        \"age\": 40,\r\n        \"totalRuns\": 5685,\r\n        \"country\": \"Australia\",\r\n        \"fifties\": 33,\r\n        \"hundreds\": 9,\r\n        \"highest\": 185,\r\n        \"wickets\": 166,\r\n        \"notouts\": 26\r\n    },\r\n    {\r\n        \"playerID\": 5,\r\n        \"name\": \"Faulkner\",\r\n        \"age\": 31,\r\n        \"totalRuns\": 814,\r\n        \"country\": \"Australia\",\r\n        \"fifties\": 4,\r\n        \"hundreds\": 1,\r\n        \"highest\": 116,\r\n        \"wickets\": 60,\r\n        \"notouts\": 14\r\n    }",
					"options": {
						"raw": {
							"language": "json"
						}
					}
				},
				"url": {
					"raw": "localhost:8080/team/saveAustralianPlayerDetails",
					"host": [
						"localhost"
					],
					"port": "8080",
					"path": [
						"team",
						"saveAustralianPlayerDetails"
					]
				}
			},
			"response": []
		},
		{
			"name": "getAustralianPlayerDetails",
			"protocolProfileBehavior": {
				"disableBodyPruning": true
			},
			"request": {
				"method": "GET",
				"header": [],
				"body": {
					"mode": "raw",
					"raw": "{\r\n        \"playerID\": 5,\r\n        \"name\": \"Dhawan\",\r\n        \"age\": 36,\r\n        \"totalRuns\": 2507,\r\n        \"country\": \"India\",\r\n        \"fifties\": 12,\r\n        \"hundreds\": 8,\r\n        \"highest\": 137,\r\n        \"wickets\": 0,\r\n        \"notouts\": 3,\r\n        \"catches\": 137\r\n    }\r\n   ",
					"options": {
						"raw": {
							"language": "json"
						}
					}
				},
				"url": {
					"raw": "localhost:8080/team/getAustralianPlayerDetails",
					"host": [
						"localhost"
					],
					"port": "8080",
					"path": [
						"team",
						"getAustralianPlayerDetails"
					]
				}
			},
			"response": []
		},
		{
			"name": "updateAustralianPlayerDetails",
			"request": {
				"method": "PUT",
				"header": [],
				"body": {
					"mode": "raw",
					"raw": " {\r\n        \"playerID\": 1,\r\n        \"name\": \" GlenMaxwell cc\",\r\n        \"age\": 27,\r\n        \"totalRuns\": 1367,\r\n        \"country\": \"Australia\",\r\n        \"fifties\": 11,\r\n        \"hundreds\": 1,\r\n        \"highest\": 102,\r\n        \"wickets\": 34,\r\n        \"notouts\": 6\r\n    }",
					"options": {
						"raw": {
							"language": "json"
						}
					}
				},
				"url": {
					"raw": "localhost:8080/team/updateAustralianPlayerDetails",
					"host": [
						"localhost"
					],
					"port": "8080",
					"path": [
						"team",
						"updateAustralianPlayerDetails"
					]
				}
			},
			"response": []
		},
		{
			"name": "deleteAustralianPlayerDetails",
			"request": {
				"method": "DELETE",
				"header": [],
				"body": {
					"mode": "raw",
					"raw": "",
					"options": {
						"raw": {
							"language": "json"
						}
					}
				},
				"url": {
					"raw": "localhost:8080/team/deleteAustralianPlayerDetails",
					"host": [
						"localhost"
					],
					"port": "8080",
					"path": [
						"team",
						"deleteAustralianPlayerDetails"
					]
				}
			},
			"response": []
		},
		{
			"name": "saveSouthAfricanPlayerDetails",
			"request": {
				"method": "POST",
				"header": [],
				"body": {
					"mode": "raw",
					"raw": " {\r\n        \"playerID\": 1,\r\n        \"name\": \"ABD\",\r\n        \"age\": 37,\r\n        \"totalRuns\": 7941,\r\n        \"country\": \"SouthAfrica\",\r\n        \"fifties\": 46,\r\n        \"hundreds\": 20,\r\n        \"highest\": 162,\r\n        \"wickets\": 7,\r\n        \"notouts\": 31\r\n    }\r\n    \r\n    {\r\n        \"playerID\": 2,\r\n        \"name\": \"Steyn\",\r\n        \"age\": 38,\r\n        \"totalRuns\": 259,\r\n        \"country\": \"SouthAfrica\",\r\n        \"fifties\": 0,\r\n        \"hundreds\": 0,\r\n        \"highest\": 35,\r\n        \"wickets\": 162,\r\n        \"notouts\": 10\r\n    },\r\n    {\r\n        \"playerID\": 3,\r\n        \"name\": \"Amla\",\r\n        \"age\": 38,\r\n        \"totalRuns\": 2592,\r\n        \"country\": \"SouthAfrica\",\r\n        \"fifties\": 28,\r\n        \"hundreds\": 20,\r\n        \"highest\": 159,\r\n        \"wickets\": 0,\r\n        \"notouts\": 9\r\n    },\r\n    {\r\n        \"playerID\": 4,\r\n        \"name\": \"DuPlesis\",\r\n        \"age\": 37,\r\n        \"totalRuns\": 2343,\r\n        \"country\": \"SouthAfrica\",\r\n        \"fifties\": 15,\r\n        \"hundreds\": 4,\r\n        \"highest\": 126,\r\n        \"wickets\": 2,\r\n        \"notouts\": 7\r\n    },\r\n    {\r\n        \"playerID\": 5,\r\n        \"name\": \"Duminy\",\r\n        \"age\": 37,\r\n        \"totalRuns\": 3808,\r\n        \"country\": \"SouthAfrica\",\r\n        \"fifties\": 20,\r\n        \"hundreds\": 4,\r\n        \"highest\": 150,\r\n        \"wickets\": 53,\r\n        \"notouts\": 31\r\n    }",
					"options": {
						"raw": {
							"language": "json"
						}
					}
				},
				"url": {
					"raw": "localhost:8080/team/saveSouthAfricanPlayerDetails",
					"host": [
						"localhost"
					],
					"port": "8080",
					"path": [
						"team",
						"saveSouthAfricanPlayerDetails"
					]
				}
			},
			"response": []
		},
		{
			"name": "getSouthAfricanPlayerDetails",
			"protocolProfileBehavior": {
				"disableBodyPruning": true
			},
			"request": {
				"method": "GET",
				"header": [],
				"body": {
					"mode": "raw",
					"raw": " {\r\n        \"playerID\": 1,\r\n        \"name\": \"ABD\",\r\n        \"age\": 37,\r\n        \"totalRuns\": 7941,\r\n        \"country\": \"SouthAfrica\",\r\n        \"fifties\": 46,\r\n        \"hundreds\": 20,\r\n        \"highest\": 162,\r\n        \"wickets\": 7,\r\n        \"notouts\": 31\r\n    }\r\n    \r\n    {\r\n        \"playerID\": 2,\r\n        \"name\": \"Steyn\",\r\n        \"age\": 38,\r\n        \"totalRuns\": 259,\r\n        \"country\": \"SouthAfrica\",\r\n        \"fifties\": 0,\r\n        \"hundreds\": 0,\r\n        \"highest\": 35,\r\n        \"wickets\": 162,\r\n        \"notouts\": 10\r\n    },\r\n    {\r\n        \"playerID\": 3,\r\n        \"name\": \"Amla\",\r\n        \"age\": 38,\r\n        \"totalRuns\": 2592,\r\n        \"country\": \"SouthAfrica\",\r\n        \"fifties\": 28,\r\n        \"hundreds\": 20,\r\n        \"highest\": 159,\r\n        \"wickets\": 0,\r\n        \"notouts\": 9\r\n    },\r\n    {\r\n        \"playerID\": 4,\r\n        \"name\": \"DuPlesis\",\r\n        \"age\": 37,\r\n        \"totalRuns\": 2343,\r\n        \"country\": \"SouthAfrica\",\r\n        \"fifties\": 15,\r\n        \"hundreds\": 4,\r\n        \"highest\": 126,\r\n        \"wickets\": 2,\r\n        \"notouts\": 7\r\n    },\r\n    {\r\n        \"playerID\": 5,\r\n        \"name\": \"Duminy\",\r\n        \"age\": 37,\r\n        \"totalRuns\": 3808,\r\n        \"country\": \"SouthAfrica\",\r\n        \"fifties\": 20,\r\n        \"hundreds\": 4,\r\n        \"highest\": 150,\r\n        \"wickets\": 53,\r\n        \"notouts\": 31\r\n    }",
					"options": {
						"raw": {
							"language": "json"
						}
					}
				},
				"url": {
					"raw": "localhost:8080/team/getSouthAfricanPlayerDetails",
					"host": [
						"localhost"
					],
					"port": "8080",
					"path": [
						"team",
						"getSouthAfricanPlayerDetails"
					]
				}
			},
			"response": []
		},
		{
			"name": "updateSouthAfricanPlayerDetails",
			"request": {
				"method": "PUT",
				"header": [],
				"body": {
					"mode": "raw",
					"raw": "{\r\n        \"playerID\": 3,\r\n        \"name\": \"Hasim Amla\",\r\n        \"age\": 38,\r\n        \"totalRuns\": 2592,\r\n        \"country\": \"SouthAfrica\",\r\n        \"fifties\": 28,\r\n        \"hundreds\": 20,\r\n        \"highest\": 159,\r\n        \"wickets\": 0,\r\n        \"notouts\": 9\r\n    }",
					"options": {
						"raw": {
							"language": "json"
						}
					}
				},
				"url": {
					"raw": "localhost:8080/team/updateSouthAfricanPlayerDetails",
					"host": [
						"localhost"
					],
					"port": "8080",
					"path": [
						"team",
						"updateSouthAfricanPlayerDetails"
					]
				}
			},
			"response": []
		},
		{
			"name": "deleteSouthAfricanPlayerDetails",
			"request": {
				"method": "DELETE",
				"header": [],
				"body": {
					"mode": "raw",
					"raw": "",
					"options": {
						"raw": {
							"language": "json"
						}
					}
				},
				"url": {
					"raw": "localhost:8080/team/deleteSouthAfricanPlayerDetails",
					"host": [
						"localhost"
					],
					"port": "8080",
					"path": [
						"team",
						"deleteSouthAfricanPlayerDetails"
					]
				}
			},
			"response": []
		},
		{
			"name": "ServiceImplementationByIndianTeam",
			"protocolProfileBehavior": {
				"disableBodyPruning": true
			},
			"request": {
				"method": "GET",
				"header": [],
				"body": {
					"mode": "raw",
					"raw": "{\r\n        \"playerID\": 5,\r\n        \"name\": \"Dhawan\",\r\n        \"age\": 36,\r\n        \"totalRuns\": 2507,\r\n        \"country\": \"India\",\r\n        \"fifties\": 12,\r\n        \"hundreds\": 8,\r\n        \"highest\": 137,\r\n        \"wickets\": 0,\r\n        \"notouts\": 3,\r\n        \"catches\": 137\r\n    }\r\n   ",
					"options": {
						"raw": {
							"language": "json"
						}
					}
				},
				"url": {
					"raw": "localhost:8080/team/ranjiTrophy",
					"host": [
						"localhost"
					],
					"port": "8080",
					"path": [
						"team",
						"ranjiTrophy"
					]
				}
			},
			"response": []
		},
		{
			"name": "ServiceImplementationByAustralianTeam",
			"request": {
				"method": "DELETE",
				"header": [],
				"body": {
					"mode": "raw",
					"raw": "{\r\n        \"playerID\": 5,\r\n        \"name\": \"Shikar Dhawan\",\r\n        \"age\": 36,\r\n        \"totalRuns\": 2507,\r\n        \"country\": \"India\",\r\n        \"fifties\": 12,\r\n        \"hundreds\": 8,\r\n        \"highest\": 137,\r\n        \"wickets\": 0,\r\n        \"notouts\": 3,\r\n        \"catches\": 137\r\n    }\r\n   ",
					"options": {
						"raw": {
							"language": "json"
						}
					}
				},
				"url": {
					"raw": "localhost:8080/team/deleteTheAustralianPlayerByID",
					"host": [
						"localhost"
					],
					"port": "8080",
					"path": [
						"team",
						"deleteTheAustralianPlayerByID"
					]
				}
			},
			"response": []
		},
		{
			"name": "ServiceImplementationBySouthAfricanTeam",
			"request": {
				"method": "PUT",
				"header": [],
				"body": {
					"mode": "raw",
					"raw": " {\r\n        \"playerID\": 4,\r\n        \"name\": \"FaFa DuPlesis\",\r\n        \"age\": 37,\r\n        \"totalRuns\": 2343,\r\n        \"country\": \"SouthAfrica\",\r\n        \"fifties\": 15,\r\n        \"hundreds\": 4,\r\n        \"highest\": 126,\r\n        \"wickets\": 2,\r\n        \"notouts\": 7\r\n    }",
					"options": {
						"raw": {
							"language": "json"
						}
					}
				},
				"url": {
					"raw": "localhost:8080/team/updateTheSouthAfricanPlayername",
					"host": [
						"localhost"
					],
					"port": "8080",
					"path": [
						"team",
						"updateTheSouthAfricanPlayername"
					]
				}
			},
			"response": []
		},
		{
			"name": "Ranji Trophy players",
			"protocolProfileBehavior": {
				"disableBodyPruning": true
			},
			"request": {
				"method": "GET",
				"header": [],
				"body": {
					"mode": "raw",
					"raw": " {\r\n        \"playerID\": 5,\r\n        \"name\": \"James Faulkner\",\r\n        \"age\": 31,\r\n        \"totalRuns\": 814,\r\n        \"country\": \"Australia\",\r\n        \"fifties\": 4,\r\n        \"hundreds\": 1,\r\n        \"highest\": 116,\r\n        \"wickets\": 60,\r\n        \"notouts\": 14\r\n    }",
					"options": {
						"raw": {
							"language": "json"
						}
					}
				},
				"url": {
					"raw": "localhost:8080/team/ranjiTrophy",
					"host": [
						"localhost"
					],
					"port": "8080",
					"path": [
						"team",
						"ranjiTrophy"
					]
				}
			},
			"response": []
		},
		{
			"name": "AshesTrophy players",
			"protocolProfileBehavior": {
				"disableBodyPruning": true
			},
			"request": {
				"method": "GET",
				"header": [],
				"body": {
					"mode": "raw",
					"raw": " {\r\n        \"playerID\": 5,\r\n        \"name\": \"James Faulkner\",\r\n        \"age\": 31,\r\n        \"totalRuns\": 814,\r\n        \"country\": \"Australia\",\r\n        \"fifties\": 4,\r\n        \"hundreds\": 1,\r\n        \"highest\": 116,\r\n        \"wickets\": 60,\r\n        \"notouts\": 14\r\n    }",
					"options": {
						"raw": {
							"language": "json"
						}
					}
				},
				"url": {
					"raw": "localhost:8080/team/ashesTrophy",
					"host": [
						"localhost"
					],
					"port": "8080",
					"path": [
						"team",
						"ashesTrophy"
					]
				}
			},
			"response": []
		},
		{
			"name": "Freedom Trophy players",
			"protocolProfileBehavior": {
				"disableBodyPruning": true
			},
			"request": {
				"method": "GET",
				"header": [],
				"body": {
					"mode": "raw",
					"raw": " {\r\n        \"playerID\": 5,\r\n        \"name\": \"James Faulkner\",\r\n        \"age\": 31,\r\n        \"totalRuns\": 814,\r\n        \"country\": \"Australia\",\r\n        \"fifties\": 4,\r\n        \"hundreds\": 1,\r\n        \"highest\": 116,\r\n        \"wickets\": 60,\r\n        \"notouts\": 14\r\n    }",
					"options": {
						"raw": {
							"language": "json"
						}
					}
				},
				"url": {
					"raw": "localhost:8080/team/freedomTrophy",
					"host": [
						"localhost"
					],
					"port": "8080",
					"path": [
						"team",
						"freedomTrophy"
					]
				}
			},
			"response": []
		}
	]
}